{"cameraMode":{"drawMode":0,"name":"Shaded","section":"Shading Mode"},"sceneLighting":true,"audioPlay":false,"sceneViewState":{"m_AlwaysRefresh":false,"showFog":true,"showSkybox":true,"showFlares":true,"showImageEffects":true,"showParticleSystems":true,"showVisualEffectGraphs":true,"m_FxEnabled":true},"in2DMode":false,"pivot":{"x":3.5124220848083498,"y":2.1345577239990236,"z":1.5819334983825684},"rotation":{"x":0.1820886880159378,"y":0.045700397342443469,"z":-0.008472533896565438,"w":0.9821876287460327},"size":6.873543739318848,"orthographic":false}